covariate,coef,exp(coef),se(coef),z,Pr(>|z|)
"DeltaRegionSys. -ve, Dys. +ve",0.04681808397649979,1.0479313562335504,0.07385472286723543,0.6339213276943991,0.526132166046183
"DeltaRegionSys. +ve, Dys. -ve",-0.0021526235433459552,0.9978496916891411,0.06884674681452123,-0.03126688831275208,0.9750566967887442
"DeltaRegionSys. +ve, Dys. +ve",-0.05589306262622214,0.9456402547689898,0.06346108897822847,-0.8807454067703961,0.37845563432540674
GenderMale,-0.412592639156806,0.6619318730398108,0.04981572082493619,-8.282378179505837,1.2073944550876065e-16
EthnicityWhite,-0.24782987169869625,0.7804927158834584,0.06130298598217532,-4.042704734982341,5.283814111797445e-5
EthnicityOther,-0.1695250457152907,0.8440656139885696,0.07459913800423756,-2.272479954200824,0.02305753739580748
age,0.09959370343112836,1.1047219821303595,0.001969314035264565,50.57278912743268,0
